AGS,Kreis,Kreis_WP,KreisSitz,KreisSitz_WP,Einwohner,Fläche,Karte
05334,Aachen,/wiki/St%C3%A4dteregion_Aachen,Aachen,/wiki/Aachen,557026,706.95,//upload.wikimedia.org/wikipedia/commons/thumb/f/f2/North_rhine_w_AC_region.svg/60px-North_rhine_w_AC_region.svg.png
07131,Ahrweiler,/wiki/Landkreis_Ahrweiler,Bad Neuenahr-Ahrweiler,/wiki/Bad_Neuenahr-Ahrweiler,130086,786.98,//upload.wikimedia.org/wikipedia/commons/thumb/9/9f/Rhineland-Palatinate_AW.svg/56px-Rhineland-Palatinate_AW.svg.png
09771,Aichach-Friedberg,/wiki/Landkreis_Aichach-Friedberg,Aichach,/wiki/Aichach,134655,780.33,//upload.wikimedia.org/wikipedia/commons/thumb/2/21/Bavaria_AIC.svg/60px-Bavaria_AIC.svg.png
08425,Alb-Donau-Kreis,/wiki/Alb-Donau-Kreis,Ulm,/wiki/Ulm,197076,1358.68,//upload.wikimedia.org/wikipedia/commons/thumb/1/1a/Baden-W%C3%BCrttemberg_UL_%28district%29.svg/55px-Baden-W%C3%BCrttemberg_UL_%28district%29.svg.png
16077,Altenburger Land,/wiki/Landkreis_Altenburger_Land,Altenburg,/wiki/Altenburg,89393,569.39,//upload.wikimedia.org/wikipedia/commons/thumb/1/11/Thuringia_ABG.svg/77px-Thuringia_ABG.svg.png
07132,Altenkirchen (Westerwald),/wiki/Landkreis_Altenkirchen_(Westerwald),Altenkirchen (Westerwald),/wiki/Altenkirchen_(Westerwald),128805,641.99,//upload.wikimedia.org/wikipedia/commons/thumb/5/54/Rhineland-Palatinate_AK.svg/56px-Rhineland-Palatinate_AK.svg.png
15081,Altmarkkreis Salzwedel,/wiki/Altmarkkreis_Salzwedel,Salzwedel,/wiki/Salzwedel,83173,2293.03,//upload.wikimedia.org/wikipedia/commons/thumb/9/9f/Saxony-Anhalt_SAW.svg/45px-Saxony-Anhalt_SAW.svg.png
09171,Altötting,/wiki/Landkreis_Alt%C3%B6tting,Altötting,/wiki/Alt%C3%B6tting,111516,569.35,//upload.wikimedia.org/wikipedia/commons/thumb/c/c8/Bavaria_A%C3%96.svg/60px-Bavaria_A%C3%96.svg.png
07331,Alzey-Worms,/wiki/Landkreis_Alzey-Worms,Alzey,/wiki/Alzey,129687,588.15,//upload.wikimedia.org/wikipedia/commons/thumb/1/1c/Rhineland-Palatinate_AZ.svg/56px-Rhineland-Palatinate_AZ.svg.png
09371,Amberg-Sulzbach,/wiki/Landkreis_Amberg-Sulzbach,Amberg,/wiki/Amberg,103049,1255.75,//upload.wikimedia.org/wikipedia/commons/thumb/8/81/Bavaria_AS.svg/60px-Bavaria_AS.svg.png
03451,Ammerland,/wiki/Landkreis_Ammerland,Westerstede,/wiki/Westerstede,124859,728.38,//upload.wikimedia.org/wikipedia/commons/thumb/8/80/Lower_Saxony_WST.svg/71px-Lower_Saxony_WST.svg.png
15082,Anhalt-Bitterfeld,/wiki/Landkreis_Anhalt-Bitterfeld,Köthen,/wiki/K%C3%B6then_(Anhalt),158486,1453.52,//upload.wikimedia.org/wikipedia/commons/thumb/5/5b/Saxony-Anhalt_ABI.svg/45px-Saxony-Anhalt_ABI.svg.png
09571,Ansbach,/wiki/Landkreis_Ansbach,Ansbach,/wiki/Ansbach,184591,1971.84,//upload.wikimedia.org/wikipedia/commons/thumb/b/b4/Bavaria_AN_%28district%29.svg/60px-Bavaria_AN_%28district%29.svg.png
09671,Aschaffenburg,/wiki/Landkreis_Aschaffenburg,Aschaffenburg,/wiki/Aschaffenburg,174200,699.15,//upload.wikimedia.org/wikipedia/commons/thumb/f/f9/Bavaria_AB_%28district%29.svg/60px-Bavaria_AB_%28district%29.svg.png
09772,Augsburg,/wiki/Landkreis_Augsburg,Augsburg,/wiki/Augsburg,253468,1071.13,//upload.wikimedia.org/wikipedia/commons/thumb/1/1d/Bavaria_A_%28district%29.svg/60px-Bavaria_A_%28district%29.svg.png
03452,Aurich,/wiki/Landkreis_Aurich,Aurich,/wiki/Aurich,189694,1287.31,//upload.wikimedia.org/wikipedia/commons/thumb/5/5c/Lower_Saxony_AUR.svg/71px-Lower_Saxony_AUR.svg.png
07332,Bad Dürkheim,/wiki/Landkreis_Bad_D%C3%BCrkheim,Bad Dürkheim,/wiki/Bad_D%C3%BCrkheim,132671,594.76,//upload.wikimedia.org/wikipedia/commons/thumb/5/5c/Rhineland-Palatinate_D%C3%9CW.svg/56px-Rhineland-Palatinate_D%C3%9CW.svg.png
09672,Bad Kissingen,/wiki/Landkreis_Bad_Kissingen,Bad Kissingen,/wiki/Bad_Kissingen,103235,1136.96,//upload.wikimedia.org/wikipedia/commons/thumb/b/b0/Bavaria_KG.svg/60px-Bavaria_KG.svg.png
07133,Bad Kreuznach,/wiki/Landkreis_Bad_Kreuznach,Bad Kreuznach,/wiki/Bad_Kreuznach,158345,863.76,//upload.wikimedia.org/wikipedia/commons/thumb/e/e8/Rhineland-Palatinate_KH.svg/56px-Rhineland-Palatinate_KH.svg.png
09173,Bad Tölz-Wolfratshausen,/wiki/Landkreis_Bad_T%C3%B6lz-Wolfratshausen,Bad Tölz,/wiki/Bad_T%C3%B6lz,127917,1110.69,//upload.wikimedia.org/wikipedia/commons/thumb/f/f7/Bavaria_T%C3%96L.svg/60px-Bavaria_T%C3%96L.svg.png
09471,Bamberg,/wiki/Landkreis_Bamberg,Bamberg,/wiki/Bamberg,147163,1167.83,//upload.wikimedia.org/wikipedia/commons/thumb/b/bc/Bavaria_BA_%28district%29.svg/60px-Bavaria_BA_%28district%29.svg.png
12060,Barnim,/wiki/Landkreis_Barnim,Eberswalde,/wiki/Eberswalde,185244,1479.67,//upload.wikimedia.org/wikipedia/commons/thumb/5/51/Brandenburg_BAR.svg/57px-Brandenburg_BAR.svg.png
14625,Bautzen,/wiki/Landkreis_Bautzen,Bautzen,/wiki/Bautzen,299758,2395.61,//upload.wikimedia.org/wikipedia/commons/thumb/a/a7/Saxony_BZ.svg/75px-Saxony_BZ.svg.png
09472,Bayreuth,/wiki/Landkreis_Bayreuth,Bayreuth,/wiki/Bayreuth,103664,1273.74,//upload.wikimedia.org/wikipedia/commons/thumb/4/4b/Bavaria_BT_%28district%29.svg/60px-Bavaria_BT_%28district%29.svg.png
09172,Berchtesgadener Land,/wiki/Landkreis_Berchtesgadener_Land,Bad Reichenhall,/wiki/Bad_Reichenhall,105929,839.92,//upload.wikimedia.org/wikipedia/commons/thumb/7/7f/Bavaria_BGL.svg/60px-Bavaria_BGL.svg.png
06431,Bergstraße,/wiki/Kreis_Bergstra%C3%9Fe,Heppenheim,/wiki/Heppenheim_(Bergstra%C3%9Fe),270340,719.52,//upload.wikimedia.org/wikipedia/commons/thumb/f/fd/Hesse_HP.svg/45px-Hesse_HP.svg.png
07231,Bernkastel-Wittlich,/wiki/Landkreis_Bernkastel-Wittlich,Wittlich,/wiki/Wittlich,112483,1167.56,//upload.wikimedia.org/wikipedia/commons/thumb/8/8d/Rhineland-Palatinate_WIL.svg/56px-Rhineland-Palatinate_WIL.svg.png
08426,Biberach,/wiki/Landkreis_Biberach,Biberach an der Riß,/wiki/Biberach_an_der_Ri%C3%9F,201282,1409.52,//upload.wikimedia.org/wikipedia/commons/thumb/e/e3/Baden-W%C3%BCrttemberg_BC.svg/55px-Baden-W%C3%BCrttemberg_BC.svg.png
07134,Birkenfeld,/wiki/Landkreis_Birkenfeld,Birkenfeld,/wiki/Birkenfeld_(Nahe),80951,776.58,//upload.wikimedia.org/wikipedia/commons/thumb/3/3e/Rhineland-Palatinate_BIR.svg/56px-Rhineland-Palatinate_BIR.svg.png
08115,Böblingen,/wiki/Landkreis_B%C3%B6blingen,Böblingen,/wiki/B%C3%B6blingen,392807,617.82,//upload.wikimedia.org/wikipedia/commons/thumb/0/09/Baden-W%C3%BCrttemberg_BB.svg/55px-Baden-W%C3%BCrttemberg_BB.svg.png
08435,Bodenseekreis,/wiki/Bodenseekreis,Friedrichshafen,/wiki/Friedrichshafen,217470,664.81,//upload.wikimedia.org/wikipedia/commons/thumb/b/b2/Baden-W%C3%BCrttemberg_FN.svg/55px-Baden-W%C3%BCrttemberg_FN.svg.png
15083,Börde,/wiki/Landkreis_B%C3%B6rde,Haldensleben,/wiki/Haldensleben,170923,2366.63,//upload.wikimedia.org/wikipedia/commons/thumb/b/be/Saxony-Anhalt_BK.svg/45px-Saxony-Anhalt_BK.svg.png
05554,Borken,/wiki/Kreis_Borken,Borken,/wiki/Borken,371339,1420.98,//upload.wikimedia.org/wikipedia/commons/thumb/1/14/North_rhine_w_BOR.svg/60px-North_rhine_w_BOR.svg.png
08315,Breisgau-Hochschwarzwald,/wiki/Landkreis_Breisgau-Hochschwarzwald,Freiburg im Breisgau,/wiki/Freiburg_im_Breisgau,263601,1378.34,//upload.wikimedia.org/wikipedia/commons/thumb/5/5d/Baden-W%C3%BCrttemberg_FR_%28district%29.svg/55px-Baden-W%C3%BCrttemberg_FR_%28district%29.svg.png
15084,Burgenlandkreis,/wiki/Burgenlandkreis,Naumburg (Saale),/wiki/Naumburg_(Saale),178846,1413.67,//upload.wikimedia.org/wikipedia/commons/thumb/d/d3/Saxony-Anhalt_BLK.svg/45px-Saxony-Anhalt_BLK.svg.png
08235,Calw,/wiki/Landkreis_Calw,Calw,/wiki/Calw,159201,797.53,//upload.wikimedia.org/wikipedia/commons/thumb/7/77/Baden-W%C3%BCrttemberg_CW.svg/55px-Baden-W%C3%BCrttemberg_CW.svg.png
03351,Celle,/wiki/Landkreis_Celle,Celle,/wiki/Celle,179011,1545.21,//upload.wikimedia.org/wikipedia/commons/thumb/4/4f/Lower_Saxony_CE.svg/71px-Lower_Saxony_CE.svg.png
09372,Cham,/wiki/Landkreis_Cham,Cham,/wiki/Cham_(Oberpfalz),127998,1520.17,//upload.wikimedia.org/wikipedia/commons/thumb/2/20/Bavaria_CHA.svg/60px-Bavaria_CHA.svg.png
03453,Cloppenburg,/wiki/Landkreis_Cloppenburg,Cloppenburg,/wiki/Cloppenburg,170682,1418.45,//upload.wikimedia.org/wikipedia/commons/thumb/d/de/Lower_Saxony_CLP.svg/71px-Lower_Saxony_CLP.svg.png
09473,Coburg,/wiki/Landkreis_Coburg,Coburg,/wiki/Coburg,86747,590.47,//upload.wikimedia.org/wikipedia/commons/thumb/8/89/Bavaria_CO_%28district%29.svg/60px-Bavaria_CO_%28district%29.svg.png
07135,Cochem-Zell,/wiki/Landkreis_Cochem-Zell,Cochem,/wiki/Cochem,61375,692.33,//upload.wikimedia.org/wikipedia/commons/thumb/8/81/Rhineland-Palatinate_COC.svg/56px-Rhineland-Palatinate_COC.svg.png
05558,Coesfeld,/wiki/Kreis_Coesfeld,Coesfeld,/wiki/Coesfeld,220586,1112.04,//upload.wikimedia.org/wikipedia/commons/thumb/0/03/North_rhine_w_COE.svg/60px-North_rhine_w_COE.svg.png
03352,Cuxhaven,/wiki/Landkreis_Cuxhaven,Cuxhaven,/wiki/Cuxhaven,198038,2057.78,//upload.wikimedia.org/wikipedia/commons/thumb/a/a3/Lower_Saxony_CUX.svg/71px-Lower_Saxony_CUX.svg.png
09174,Dachau,/wiki/Landkreis_Dachau,Dachau,/wiki/Dachau,154899,579.18,//upload.wikimedia.org/wikipedia/commons/thumb/f/ff/Bavaria_DAH.svg/60px-Bavaria_DAH.svg.png
12061,Dahme-Spreewald,/wiki/Landkreis_Dahme-Spreewald,Lübben (Spreewald),/wiki/L%C3%BCbben_(Spreewald),170791,2274.48,//upload.wikimedia.org/wikipedia/commons/thumb/a/a3/Brandenburg_LDS.svg/57px-Brandenburg_LDS.svg.png
06432,Darmstadt-Dieburg,/wiki/Landkreis_Darmstadt-Dieburg,Darmstadt,/wiki/Darmstadt,297844,658.65,//upload.wikimedia.org/wikipedia/commons/thumb/b/bd/Hesse_DA%28district%29.svg/45px-Hesse_DA%28district%29.svg.png
09271,Deggendorf,/wiki/Landkreis_Deggendorf,Deggendorf,/wiki/Deggendorf,119478,861.3,//upload.wikimedia.org/wikipedia/commons/thumb/2/20/Bavaria_DEG.svg/60px-Bavaria_DEG.svg.png
03251,Diepholz,/wiki/Landkreis_Diepholz,Diepholz,/wiki/Diepholz,217089,1988.14,//upload.wikimedia.org/wikipedia/commons/thumb/2/2b/Lower_Saxony_DH.svg/71px-Lower_Saxony_DH.svg.png
09773,Dillingen an der Donau,/wiki/Landkreis_Dillingen_an_der_Donau,Dillingen an der Donau,/wiki/Dillingen_an_der_Donau,96562,792.22,//upload.wikimedia.org/wikipedia/commons/thumb/e/e8/Bavaria_DLG.svg/60px-Bavaria_DLG.svg.png
09279,Dingolfing-Landau,/wiki/Landkreis_Dingolfing-Landau,Dingolfing,/wiki/Dingolfing,96683,877.79,//upload.wikimedia.org/wikipedia/commons/thumb/1/14/Bavaria_DGF.svg/60px-Bavaria_DGF.svg.png
01051,Dithmarschen,/wiki/Kreis_Dithmarschen,Heide,/wiki/Heide_(Holstein),133193,1428.13,//upload.wikimedia.org/wikipedia/commons/thumb/0/09/Schleswig-Holstein_HEI.svg/75px-Schleswig-Holstein_HEI.svg.png
09779,Donau-Ries,/wiki/Landkreis_Donau-Ries,Donauwörth,/wiki/Donauw%C3%B6rth,133783,1274.68,//upload.wikimedia.org/wikipedia/commons/thumb/0/0e/Bavaria_DON.svg/60px-Bavaria_DON.svg.png
07333,Donnersbergkreis,/wiki/Donnersbergkreis,Kirchheimbolanden,/wiki/Kirchheimbolanden,75325,645.52,//upload.wikimedia.org/wikipedia/commons/thumb/a/a5/Rhineland-Palatinate_KIB.svg/56px-Rhineland-Palatinate_KIB.svg.png
05358,Düren,/wiki/Kreis_D%C3%BCren,Düren,/wiki/D%C3%BCren,264638,941.37,//upload.wikimedia.org/wikipedia/commons/thumb/3/3e/North_rhine_w_DN.svg/60px-North_rhine_w_DN.svg.png
09175,Ebersberg,/wiki/Landkreis_Ebersberg,Ebersberg,/wiki/Ebersberg,143649,549.36,//upload.wikimedia.org/wikipedia/commons/thumb/b/ba/Bavaria_EBE.svg/60px-Bavaria_EBE.svg.png
16061,Eichsfeld,/wiki/Landkreis_Eichsfeld,Heilbad Heiligenstadt,/wiki/Heilbad_Heiligenstadt,100006,943.07,//upload.wikimedia.org/wikipedia/commons/thumb/9/93/Thuringia_EIC.svg/77px-Thuringia_EIC.svg.png
09176,Eichstätt,/wiki/Landkreis_Eichst%C3%A4tt,Eichstätt,/wiki/Eichst%C3%A4tt,132881,1214.06,//upload.wikimedia.org/wikipedia/commons/thumb/d/db/Bavaria_EI.svg/60px-Bavaria_EI.svg.png
07232,Eifelkreis Bitburg-Prüm,/wiki/Eifelkreis_Bitburg-Pr%C3%BCm,Bitburg,/wiki/Bitburg,99058,1626.22,//upload.wikimedia.org/wikipedia/commons/thumb/3/31/Rhineland-Palatinate_BIT.svg/56px-Rhineland-Palatinate_BIT.svg.png
12062,Elbe-Elster,/wiki/Landkreis_Elbe-Elster,Herzberg (Elster),/wiki/Herzberg_(Elster),101827,1899.54,//upload.wikimedia.org/wikipedia/commons/thumb/0/09/Brandenburg_EE.svg/57px-Brandenburg_EE.svg.png
08316,Emmendingen,/wiki/Landkreis_Emmendingen,Emmendingen,/wiki/Emmendingen,166408,679.9,//upload.wikimedia.org/wikipedia/commons/thumb/f/fd/Baden-W%C3%BCrttemberg_EM.svg/55px-Baden-W%C3%BCrttemberg_EM.svg.png
03454,Emsland,/wiki/Landkreis_Emsland,Meppen,/wiki/Meppen,326954,2882.07,//upload.wikimedia.org/wikipedia/commons/thumb/7/77/Lower_Saxony_EL.svg/71px-Lower_Saxony_EL.svg.png
05954,Ennepe-Ruhr-Kreis,/wiki/Ennepe-Ruhr-Kreis,Schwelm,/wiki/Schwelm,324106,409.64,//upload.wikimedia.org/wikipedia/commons/thumb/e/e3/North_rhine_w_EN.svg/60px-North_rhine_w_EN.svg.png
08236,Enzkreis,/wiki/Enzkreis,Pforzheim,/wiki/Pforzheim,199556,573.68,//upload.wikimedia.org/wikipedia/commons/thumb/7/73/Baden-W%C3%BCrttemberg_PF_%28district%29.svg/55px-Baden-W%C3%BCrttemberg_PF_%28district%29.svg.png
09177,Erding,/wiki/Landkreis_Erding,Erding,/wiki/Erding,138182,870.72,//upload.wikimedia.org/wikipedia/commons/thumb/3/39/Bavaria_ED.svg/60px-Bavaria_ED.svg.png
09572,Erlangen-Höchstadt,/wiki/Landkreis_Erlangen-H%C3%B6chstadt,Erlangen,/wiki/Erlangen,137262,564.66,//upload.wikimedia.org/wikipedia/commons/thumb/7/7a/Bavaria_ERH.svg/60px-Bavaria_ERH.svg.png
14521,Erzgebirgskreis,/wiki/Erzgebirgskreis,Annaberg-Buchholz,/wiki/Annaberg-Buchholz,334948,1827.91,//upload.wikimedia.org/wikipedia/commons/thumb/a/a2/Saxony_ERZ.svg/75px-Saxony_ERZ.svg.png
08116,Esslingen,/wiki/Landkreis_Esslingen,Esslingen am Neckar,/wiki/Esslingen_am_Neckar,535024,641.46,//upload.wikimedia.org/wikipedia/commons/thumb/f/f2/Baden-W%C3%BCrttemberg_ES.svg/55px-Baden-W%C3%BCrttemberg_ES.svg.png
05366,Euskirchen,/wiki/Kreis_Euskirchen,Euskirchen,/wiki/Euskirchen,193656,1248.73,//upload.wikimedia.org/wikipedia/commons/thumb/b/bf/North_rhine_w_EU.svg/60px-North_rhine_w_EU.svg.png
09474,Forchheim,/wiki/Landkreis_Forchheim,Forchheim,/wiki/Forchheim,116203,642.79,//upload.wikimedia.org/wikipedia/commons/thumb/0/08/Bavaria_FO.svg/60px-Bavaria_FO.svg.png
09178,Freising,/wiki/Landkreis_Freising,Freising,/wiki/Freising,180007,799.83,//upload.wikimedia.org/wikipedia/commons/thumb/e/ed/Bavaria_FS.svg/60px-Bavaria_FS.svg.png
08237,Freudenstadt,/wiki/Landkreis_Freudenstadt,Freudenstadt,/wiki/Freudenstadt,118243,870.67,//upload.wikimedia.org/wikipedia/commons/thumb/3/32/Baden-W%C3%BCrttemberg_FDS.svg/55px-Baden-W%C3%BCrttemberg_FDS.svg.png
09272,Freyung-Grafenau,/wiki/Landkreis_Freyung-Grafenau,Freyung,/wiki/Freyung,78362,984.15,//upload.wikimedia.org/wikipedia/commons/thumb/e/ec/Bavaria_FRG.svg/60px-Bavaria_FRG.svg.png
03455,Friesland,/wiki/Landkreis_Friesland,Jever,/wiki/Jever,98704,607.91,//upload.wikimedia.org/wikipedia/commons/thumb/9/9d/Lower_Saxony_FRI.svg/71px-Lower_Saxony_FRI.svg.png
06631,Fulda,/wiki/Landkreis_Fulda,Fulda,/wiki/Fulda,223145,1380.4,//upload.wikimedia.org/wikipedia/commons/thumb/6/60/Hesse_FD.svg/45px-Hesse_FD.svg.png
09179,Fürstenfeldbruck,/wiki/Landkreis_F%C3%BCrstenfeldbruck,Fürstenfeldbruck,/wiki/F%C3%BCrstenfeldbruck,219311,434.79,//upload.wikimedia.org/wikipedia/commons/thumb/8/81/Bavaria_FFB.svg/60px-Bavaria_FFB.svg.png
09573,Fürth,/wiki/Landkreis_F%C3%BCrth,Zirndorf,/wiki/Zirndorf,117853,307.55,//upload.wikimedia.org/wikipedia/commons/thumb/d/d4/Bavaria_F%C3%9C_%28district%29.svg/60px-Bavaria_F%C3%9C_%28district%29.svg.png
09180,Garmisch-Partenkirchen,/wiki/Landkreis_Garmisch-Partenkirchen,Garmisch-Partenkirchen,/wiki/Garmisch-Partenkirchen,88424,1012.22,//upload.wikimedia.org/wikipedia/commons/thumb/6/60/Bavaria_GAP.svg/60px-Bavaria_GAP.svg.png
07334,Germersheim,/wiki/Landkreis_Germersheim,Germersheim,/wiki/Germersheim,129013,463.35,//upload.wikimedia.org/wikipedia/commons/thumb/b/bd/Rhineland-Palatinate_GER.svg/56px-Rhineland-Palatinate_GER.svg.png
06531,Gießen,/wiki/Landkreis_Gie%C3%9Fen,Gießen,/wiki/Gie%C3%9Fen,270688,854.67,//upload.wikimedia.org/wikipedia/commons/thumb/f/f7/Hesse_GI.svg/45px-Hesse_GI.svg.png
03151,Gifhorn,/wiki/Landkreis_Gifhorn,Gifhorn,/wiki/Gifhorn,176523,1562.86,//upload.wikimedia.org/wikipedia/commons/thumb/f/fd/Lower_Saxony_GF.svg/71px-Lower_Saxony_GF.svg.png
08117,Göppingen,/wiki/Landkreis_G%C3%B6ppingen,Göppingen,/wiki/G%C3%B6ppingen,258145,642.36,//upload.wikimedia.org/wikipedia/commons/thumb/e/e1/Baden-W%C3%BCrttemberg_GP.svg/55px-Baden-W%C3%BCrttemberg_GP.svg.png
14626,Görlitz,/wiki/Landkreis_G%C3%B6rlitz,Görlitz,/wiki/G%C3%B6rlitz,252725,2111.41,//upload.wikimedia.org/wikipedia/commons/thumb/6/6d/Saxony_GR.svg/75px-Saxony_GR.svg.png
03153,Goslar,/wiki/Landkreis_Goslar,Goslar,/wiki/Goslar,136292,965.29,//upload.wikimedia.org/wikipedia/commons/thumb/0/08/Lower_Saxony_GS.svg/71px-Lower_Saxony_GS.svg.png
16067,Gotha,/wiki/Landkreis_Gotha,Gotha,/wiki/Gotha,134908,936.08,//upload.wikimedia.org/wikipedia/commons/thumb/7/7f/Thuringia_GTH.svg/77px-Thuringia_GTH.svg.png
03159,Göttingen,/wiki/Landkreis_G%C3%B6ttingen,Göttingen,/wiki/G%C3%B6ttingen,326041,1753.41,//upload.wikimedia.org/wikipedia/commons/thumb/6/6f/Lower_Saxony_G%C3%96.svg/71px-Lower_Saxony_G%C3%96.svg.png
03456,Grafschaft Bentheim,/wiki/Landkreis_Grafschaft_Bentheim,Nordhorn,/wiki/Nordhorn,137162,980.87,//upload.wikimedia.org/wikipedia/commons/thumb/7/7b/Lower_Saxony_NOH.svg/71px-Lower_Saxony_NOH.svg.png
16076,Greiz,/wiki/Landkreis_Greiz,Greiz,/wiki/Greiz,97398,845.98,//upload.wikimedia.org/wikipedia/commons/thumb/b/bf/Thuringia_GRZ.svg/77px-Thuringia_GRZ.svg.png
06433,Groß-Gerau,/wiki/Kreis_Gro%C3%9F-Gerau,Groß-Gerau,/wiki/Gro%C3%9F-Gerau,275726,453.04,//upload.wikimedia.org/wikipedia/commons/thumb/e/e5/Hesse_GG.svg/45px-Hesse_GG.svg.png
09774,Günzburg,/wiki/Landkreis_G%C3%BCnzburg,Günzburg,/wiki/G%C3%BCnzburg,127027,762.44,//upload.wikimedia.org/wikipedia/commons/thumb/e/e8/Bavaria_GZ.svg/60px-Bavaria_GZ.svg.png
05754,Gütersloh,/wiki/Kreis_G%C3%BCtersloh,Gütersloh,/wiki/G%C3%BCtersloh,364938,969.21,//upload.wikimedia.org/wikipedia/commons/thumb/7/7c/North_rhine_w_GT.svg/60px-North_rhine_w_GT.svg.png
03252,Hameln-Pyrmont,/wiki/Landkreis_Hameln-Pyrmont,Hameln,/wiki/Hameln,148549,796.15,//upload.wikimedia.org/wikipedia/commons/thumb/b/b5/Lower_Saxony_HM.svg/71px-Lower_Saxony_HM.svg.png
03241,"Hannover, Region",/wiki/Region_Hannover,Hannover,/wiki/Hannover,1157115,2290.86,//upload.wikimedia.org/wikipedia/commons/thumb/a/ab/Lower_Saxony_H.svg/71px-Lower_Saxony_H.svg.png
03353,Harburg,/wiki/Landkreis_Harburg,Winsen (Luhe),/wiki/Winsen_(Luhe),254431,1245.03,//upload.wikimedia.org/wikipedia/commons/thumb/a/a8/Lower_Saxony_WL.svg/71px-Lower_Saxony_WL.svg.png
15085,Harz,/wiki/Landkreis_Harz,Halberstadt,/wiki/Halberstadt,213310,2104.54,//upload.wikimedia.org/wikipedia/commons/thumb/b/bd/Saxony-Anhalt_HZ.svg/45px-Saxony-Anhalt_HZ.svg.png
09674,Haßberge,/wiki/Landkreis_Ha%C3%9Fberge,Haßfurt,/wiki/Ha%C3%9Ffurt,84384,956.38,//upload.wikimedia.org/wikipedia/commons/thumb/1/18/Bavaria_HAS.svg/60px-Bavaria_HAS.svg.png
12063,Havelland,/wiki/Landkreis_Havelland,Rathenow,/wiki/Rathenow,162996,1727.3,//upload.wikimedia.org/wikipedia/commons/thumb/e/e8/Brandenburg_HVL.svg/57px-Brandenburg_HVL.svg.png
03358,Heidekreis,/wiki/Landkreis_Heidekreis,Bad Fallingbostel,/wiki/Bad_Fallingbostel,140673,1873.72,//upload.wikimedia.org/wikipedia/commons/thumb/8/84/Lower_Saxony_HK.svg/71px-Lower_Saxony_HK.svg.png
08135,Heidenheim,/wiki/Landkreis_Heidenheim,Heidenheim an der Brenz,/wiki/Heidenheim_an_der_Brenz,132777,627.14,//upload.wikimedia.org/wikipedia/commons/thumb/8/8e/Baden-W%C3%BCrttemberg_HDH.svg/55px-Baden-W%C3%BCrttemberg_HDH.svg.png
08125,Heilbronn,/wiki/Landkreis_Heilbronn,Heilbronn,/wiki/Heilbronn,344456,1099.9,//upload.wikimedia.org/wikipedia/commons/thumb/2/28/Baden-W%C3%BCrttemberg_HN_%28district%29.svg/55px-Baden-W%C3%BCrttemberg_HN_%28district%29.svg.png
05370,Heinsberg,/wiki/Kreis_Heinsberg,Heinsberg,/wiki/Heinsberg,255555,627.99,//upload.wikimedia.org/wikipedia/commons/thumb/0/0f/North_rhine_w_HS.svg/60px-North_rhine_w_HS.svg.png
03154,Helmstedt,/wiki/Landkreis_Helmstedt,Helmstedt,/wiki/Helmstedt,91297,674.02,//upload.wikimedia.org/wikipedia/commons/thumb/2/2c/Lower_Saxony_HE.svg/71px-Lower_Saxony_HE.svg.png
05758,Herford,/wiki/Kreis_Herford,Herford,/wiki/Herford,250578,450.41,//upload.wikimedia.org/wikipedia/commons/thumb/1/17/North_rhine_w_HF.svg/60px-North_rhine_w_HF.svg.png
06632,Hersfeld-Rotenburg,/wiki/Landkreis_Hersfeld-Rotenburg,Bad Hersfeld,/wiki/Bad_Hersfeld,120719,1097.12,//upload.wikimedia.org/wikipedia/commons/thumb/6/67/Hesse_HEF.svg/45px-Hesse_HEF.svg.png
01053,Herzogtum Lauenburg,/wiki/Kreis_Herzogtum_Lauenburg,Ratzeburg,/wiki/Ratzeburg,198019,1263.01,//upload.wikimedia.org/wikipedia/commons/thumb/c/c1/Schleswig-Holstein_RZ.svg/75px-Schleswig-Holstein_RZ.svg.png
16069,Hildburghausen,/wiki/Landkreis_Hildburghausen,Hildburghausen,/wiki/Hildburghausen,63197,938.42,//upload.wikimedia.org/wikipedia/commons/thumb/5/50/Thuringia_HBN.svg/77px-Thuringia_HBN.svg.png
03254,Hildesheim,/wiki/Landkreis_Hildesheim,Hildesheim,/wiki/Hildesheim,275817,1206.03,//upload.wikimedia.org/wikipedia/commons/thumb/1/16/Lower_Saxony_HI.svg/71px-Lower_Saxony_HI.svg.png
05958,Hochsauerlandkreis,/wiki/Hochsauerlandkreis,Meschede,/wiki/Meschede,259777,1960.17,//upload.wikimedia.org/wikipedia/commons/thumb/3/3e/North_rhine_w_HSK.svg/60px-North_rhine_w_HSK.svg.png
06434,Hochtaunuskreis,/wiki/Hochtaunuskreis,Bad Homburg vor der Höhe,/wiki/Bad_Homburg_vor_der_H%C3%B6he,236914,482.02,//upload.wikimedia.org/wikipedia/commons/thumb/f/f2/Hesse_HG.svg/45px-Hesse_HG.svg.png
09475,Hof,/wiki/Landkreis_Hof,Hof,/wiki/Hof_(Saale),94801,892.52,//upload.wikimedia.org/wikipedia/commons/thumb/0/03/Bavaria_HO_%28district%29.svg/60px-Bavaria_HO_%28district%29.svg.png
08126,Hohenlohekreis,/wiki/Hohenlohekreis,Künzelsau,/wiki/K%C3%BCnzelsau,112655,776.78,//upload.wikimedia.org/wikipedia/commons/thumb/c/c7/Baden-W%C3%BCrttemberg_K%C3%9CN.svg/55px-Baden-W%C3%BCrttemberg_K%C3%9CN.svg.png
03255,Holzminden,/wiki/Landkreis_Holzminden,Holzminden,/wiki/Holzminden,70458,692.65,//upload.wikimedia.org/wikipedia/commons/thumb/e/e4/Lower_Saxony_HOL.svg/71px-Lower_Saxony_HOL.svg.png
05762,Höxter,/wiki/Kreis_H%C3%B6xter,Höxter,/wiki/H%C3%B6xter,140251,1201.42,//upload.wikimedia.org/wikipedia/commons/thumb/d/d5/North_rhine_w_HX.svg/60px-North_rhine_w_HX.svg.png
16070,Ilm-Kreis,/wiki/Ilm-Kreis,Arnstadt,/wiki/Arnstadt,106249,805.12,//upload.wikimedia.org/wikipedia/commons/thumb/8/8e/Thuringia_IK.svg/77px-Thuringia_IK.svg.png
15086,Jerichower Land,/wiki/Landkreis_Jerichower_Land,Burg,/wiki/Burg_(bei_Magdeburg),89589,1576.84,//upload.wikimedia.org/wikipedia/commons/thumb/1/10/Saxony-Anhalt_JL.svg/45px-Saxony-Anhalt_JL.svg.png
07335,Kaiserslautern,/wiki/Landkreis_Kaiserslautern,Kaiserslautern,/wiki/Kaiserslautern,105979,639.88,//upload.wikimedia.org/wikipedia/commons/thumb/d/da/Rhineland-Palatinate_KL_%28rural%29.svg/56px-Rhineland-Palatinate_KL_%28rural%29.svg.png
08215,Karlsruhe,/wiki/Landkreis_Karlsruhe,Karlsruhe,/wiki/Karlsruhe,445101,1084.96,//upload.wikimedia.org/wikipedia/commons/thumb/a/ae/Baden-W%C3%BCrttemberg_KA_%28district%29.svg/55px-Baden-W%C3%BCrttemberg_KA_%28district%29.svg.png
06633,Kassel,/wiki/Landkreis_Kassel,Kassel,/wiki/Kassel,236764,1292.92,//upload.wikimedia.org/wikipedia/commons/thumb/b/be/Hesse_KS_%28district%29.svg/45px-Hesse_KS_%28district%29.svg.png
09273,Kelheim,/wiki/Landkreis_Kelheim,Kelheim,/wiki/Kelheim,123058,1065.97,//upload.wikimedia.org/wikipedia/commons/thumb/d/d9/Bavaria_KEH.svg/60px-Bavaria_KEH.svg.png
09675,Kitzingen,/wiki/Landkreis_Kitzingen,Kitzingen,/wiki/Kitzingen,91155,684.19,//upload.wikimedia.org/wikipedia/commons/thumb/f/f1/Bavaria_KT.svg/60px-Bavaria_KT.svg.png
05154,Kleve,/wiki/Kreis_Kleve,Kleve,/wiki/Kleve,312465,1232.99,//upload.wikimedia.org/wikipedia/commons/thumb/7/75/North_rhine_w_KLE.svg/60px-North_rhine_w_KLE.svg.png
08335,Konstanz,/wiki/Landkreis_Konstanz,Konstanz,/wiki/Konstanz,286305,817.98,//upload.wikimedia.org/wikipedia/commons/thumb/0/0d/Baden-W%C3%BCrttemberg_KN.svg/55px-Baden-W%C3%BCrttemberg_KN.svg.png
09476,Kronach,/wiki/Landkreis_Kronach,Kronach,/wiki/Kronach,66743,651.53,//upload.wikimedia.org/wikipedia/commons/thumb/a/a8/Bavaria_KC.svg/60px-Bavaria_KC.svg.png
09477,Kulmbach,/wiki/Landkreis_Kulmbach,Kulmbach,/wiki/Kulmbach,71566,658.34,//upload.wikimedia.org/wikipedia/commons/thumb/6/6d/Bavaria_KU.svg/60px-Bavaria_KU.svg.png
07336,Kusel,/wiki/Landkreis_Kusel,Kusel,/wiki/Kusel,70219,573.28,//upload.wikimedia.org/wikipedia/commons/thumb/5/56/Rhineland-Palatinate_KUS.svg/56px-Rhineland-Palatinate_KUS.svg.png
16065,Kyffhäuserkreis,/wiki/Kyffh%C3%A4userkreis,Sondershausen,/wiki/Sondershausen,74212,1037.91,//upload.wikimedia.org/wikipedia/commons/thumb/6/62/Thuringia_KYF.svg/77px-Thuringia_KYF.svg.png
06532,Lahn-Dill-Kreis,/wiki/Lahn-Dill-Kreis,Wetzlar,/wiki/Wetzlar,253319,1066.52,//upload.wikimedia.org/wikipedia/commons/thumb/9/99/Hesse_LDK.svg/45px-Hesse_LDK.svg.png
09181,Landsberg am Lech,/wiki/Landkreis_Landsberg_am_Lech,Landsberg am Lech,/wiki/Landsberg_am_Lech,120302,804.38,//upload.wikimedia.org/wikipedia/commons/thumb/b/b4/Bavaria_LL.svg/60px-Bavaria_LL.svg.png
09274,Landshut,/wiki/Landkreis_Landshut,Landshut,/wiki/Landshut,159895,1347.89,//upload.wikimedia.org/wikipedia/commons/thumb/2/24/Bavaria_LA_%28district%29.svg/60px-Bavaria_LA_%28district%29.svg.png
03457,Leer,/wiki/Landkreis_Leer,Leer (Ostfriesland),/wiki/Leer_(Ostfriesland),170756,1086.01,//upload.wikimedia.org/wikipedia/commons/thumb/b/b9/Lower_Saxony_LER.svg/71px-Lower_Saxony_LER.svg.png
14729,Leipzig,/wiki/Landkreis_Leipzig,Borna,/wiki/Borna,258139,1651.3,//upload.wikimedia.org/wikipedia/commons/thumb/c/c5/Saxony_L_%28District%29.svg/75px-Saxony_L_%28District%29.svg.png
09478,Lichtenfels,/wiki/Landkreis_Lichtenfels,Lichtenfels,/wiki/Lichtenfels_(Oberfranken),66776,519.95,//upload.wikimedia.org/wikipedia/commons/thumb/8/8b/Bavaria_LIF.svg/60px-Bavaria_LIF.svg.png
06533,Limburg-Weilburg,/wiki/Landkreis_Limburg-Weilburg,Limburg an der Lahn,/wiki/Limburg_an_der_Lahn,171912,738.48,//upload.wikimedia.org/wikipedia/commons/thumb/0/03/Hesse_LM.svg/45px-Hesse_LM.svg.png
09776,Lindau (Bodensee),/wiki/Landkreis_Lindau_(Bodensee),Lindau (Bodensee),/wiki/Lindau_(Bodensee),81981,323.44,//upload.wikimedia.org/wikipedia/commons/thumb/0/07/Bavaria_LI.svg/60px-Bavaria_LI.svg.png
05766,Lippe,/wiki/Kreis_Lippe,Detmold,/wiki/Detmold,347514,1246.21,//upload.wikimedia.org/wikipedia/commons/thumb/7/7b/North_rhine_w_LIP.svg/60px-North_rhine_w_LIP.svg.png
08336,Lörrach,/wiki/Landkreis_L%C3%B6rrach,Lörrach,/wiki/L%C3%B6rrach,228736,806.76,//upload.wikimedia.org/wikipedia/commons/thumb/5/5b/Baden-W%C3%BCrttemberg_L%C3%96.svg/55px-Baden-W%C3%BCrttemberg_L%C3%96.svg.png
03354,Lüchow-Dannenberg,/wiki/Landkreis_L%C3%BCchow-Dannenberg,Lüchow (Wendland),/wiki/L%C3%BCchow_(Wendland),48412,1220.75,//upload.wikimedia.org/wikipedia/commons/thumb/d/d0/Lower_Saxony_DAN.svg/71px-Lower_Saxony_DAN.svg.png
08118,Ludwigsburg,/wiki/Landkreis_Ludwigsburg,Ludwigsburg,/wiki/Ludwigsburg,545423,686.84,//upload.wikimedia.org/wikipedia/commons/thumb/4/4f/Baden-W%C3%BCrttemberg_LB.svg/55px-Baden-W%C3%BCrttemberg_LB.svg.png
13076,Ludwigslust-Parchim,/wiki/Landkreis_Ludwigslust-Parchim,Parchim,/wiki/Parchim,211779,4752.44,//upload.wikimedia.org/wikipedia/commons/thumb/e/e8/Mecklenburg-Vorpommern_PCH_2011.svg/88px-Mecklenburg-Vorpommern_PCH_2011.svg.png
03355,Lüneburg,/wiki/Landkreis_L%C3%BCneburg,Lüneburg,/wiki/L%C3%BCneburg,184139,1323.68,//upload.wikimedia.org/wikipedia/commons/thumb/2/29/Lower_Saxony_LG.svg/71px-Lower_Saxony_LG.svg.png
06435,Main-Kinzig-Kreis,/wiki/Main-Kinzig-Kreis,Gelnhausen,/wiki/Gelnhausen,420552,1397.55,//upload.wikimedia.org/wikipedia/commons/thumb/3/3f/Hesse_MKK.svg/45px-Hesse_MKK.svg.png
09677,Main-Spessart,/wiki/Landkreis_Main-Spessart,Karlstadt,/wiki/Karlstadt,126158,1321.42,//upload.wikimedia.org/wikipedia/commons/thumb/5/5b/Bavaria_MSP.svg/60px-Bavaria_MSP.svg.png
08128,Main-Tauber-Kreis,/wiki/Main-Tauber-Kreis,Tauberbischofsheim,/wiki/Tauberbischofsheim,132399,1304.4,//upload.wikimedia.org/wikipedia/commons/thumb/a/ac/Baden-W%C3%BCrttemberg_TBB.svg/55px-Baden-W%C3%BCrttemberg_TBB.svg.png
06436,Main-Taunus-Kreis,/wiki/Main-Taunus-Kreis,Hofheim am Taunus,/wiki/Hofheim_am_Taunus,238558,222.39,//upload.wikimedia.org/wikipedia/commons/thumb/1/12/Hesse_MTK.svg/45px-Hesse_MTK.svg.png
07339,Mainz-Bingen,/wiki/Landkreis_Mainz-Bingen,Ingelheim am Rhein,/wiki/Ingelheim_am_Rhein,211417,605.77,//upload.wikimedia.org/wikipedia/commons/thumb/0/02/Rhineland-Palatinate_MZ_%28rural%29.svg/56px-Rhineland-Palatinate_MZ_%28rural%29.svg.png
15087,Mansfeld-Südharz,/wiki/Landkreis_Mansfeld-S%C3%BCdharz,Sangerhausen,/wiki/Sangerhausen,134942,1448.84,//upload.wikimedia.org/wikipedia/commons/thumb/5/54/Saxony-Anhalt_MSH.svg/45px-Saxony-Anhalt_MSH.svg.png
06534,Marburg-Biedenkopf,/wiki/Landkreis_Marburg-Biedenkopf,Marburg,/wiki/Marburg,247084,1262.55,//upload.wikimedia.org/wikipedia/commons/thumb/a/a9/Hesse_MR.svg/45px-Hesse_MR.svg.png
05962,Märkischer Kreis,/wiki/M%C3%A4rkischer_Kreis,Lüdenscheid,/wiki/L%C3%BCdenscheid,410222,1061.06,//upload.wikimedia.org/wikipedia/commons/thumb/f/fa/North_rhine_w_MK.svg/60px-North_rhine_w_MK.svg.png
12064,Märkisch-Oderland,/wiki/Landkreis_M%C3%A4rkisch-Oderland,Seelow,/wiki/Seelow,195751,2158.67,//upload.wikimedia.org/wikipedia/commons/thumb/4/4e/Brandenburg_MOL.svg/57px-Brandenburg_MOL.svg.png
07137,Mayen-Koblenz,/wiki/Landkreis_Mayen-Koblenz,Koblenz,/wiki/Koblenz,214434,817.25,//upload.wikimedia.org/wikipedia/commons/thumb/e/ea/Rhineland-Palatinate_MYK.svg/56px-Rhineland-Palatinate_MYK.svg.png
13071,Mecklenburgische Seenplatte,/wiki/Landkreis_Mecklenburgische_Seenplatte,Neubrandenburg,/wiki/Neubrandenburg,258074,5470.35,//upload.wikimedia.org/wikipedia/commons/thumb/6/6f/Mecklenburg-Vorpommern_NB_2011.svg/88px-Mecklenburg-Vorpommern_NB_2011.svg.png
14627,Meißen,/wiki/Landkreis_Mei%C3%9Fen,Meißen,/wiki/Mei%C3%9Fen,241717,1454.59,//upload.wikimedia.org/wikipedia/commons/thumb/5/5c/Saxony_MEI.svg/75px-Saxony_MEI.svg.png
10042,Merzig-Wadern,/wiki/Landkreis_Merzig-Wadern,Merzig,/wiki/Merzig,103243,555.17,//upload.wikimedia.org/wikipedia/commons/thumb/f/f4/Saarland_MZG.svg/71px-Saarland_MZG.svg.png
05158,Mettmann,/wiki/Kreis_Mettmann,Mettmann,/wiki/Mettmann,485570,407.22,//upload.wikimedia.org/wikipedia/commons/thumb/d/d7/North_rhine_w_ME.svg/60px-North_rhine_w_ME.svg.png
09182,Miesbach,/wiki/Landkreis_Miesbach,Miesbach,/wiki/Miesbach,100010,866.23,//upload.wikimedia.org/wikipedia/commons/thumb/d/d6/Bavaria_MB.svg/60px-Bavaria_MB.svg.png
09676,Miltenberg,/wiki/Landkreis_Miltenberg,Miltenberg,/wiki/Miltenberg,128743,715.86,//upload.wikimedia.org/wikipedia/commons/thumb/5/55/Bavaria_MIL.svg/60px-Bavaria_MIL.svg.png
05770,Minden-Lübbecke,/wiki/Kreis_Minden-L%C3%BCbbecke,Minden,/wiki/Minden,310409,1152.41,//upload.wikimedia.org/wikipedia/commons/thumb/d/d9/North_rhine_w_MI.svg/60px-North_rhine_w_MI.svg.png
14522,Mittelsachsen,/wiki/Landkreis_Mittelsachsen,Freiberg,/wiki/Freiberg,304099,2116.85,//upload.wikimedia.org/wikipedia/commons/thumb/e/ec/Saxony_FG.svg/75px-Saxony_FG.svg.png
09183,Mühldorf am Inn,/wiki/Landkreis_M%C3%BChldorf_am_Inn,Mühldorf am Inn,/wiki/M%C3%BChldorf_am_Inn,115872,805.31,//upload.wikimedia.org/wikipedia/commons/thumb/1/19/Bavaria_M%C3%9C.svg/60px-Bavaria_M%C3%9C.svg.png
09184,München,/wiki/Landkreis_M%C3%BCnchen,München,/wiki/M%C3%BCnchen,350473,664.25,//upload.wikimedia.org/wikipedia/commons/thumb/a/ad/Bavaria_M_%28district%29.svg/60px-Bavaria_M_%28district%29.svg.png
08225,Neckar-Odenwald-Kreis,/wiki/Neckar-Odenwald-Kreis,Mosbach,/wiki/Mosbach,143633,1126.24,//upload.wikimedia.org/wikipedia/commons/thumb/4/41/Baden-W%C3%BCrttemberg_MOS.svg/55px-Baden-W%C3%BCrttemberg_MOS.svg.png
09775,Neu-Ulm,/wiki/Landkreis_Neu-Ulm,Neu-Ulm,/wiki/Neu-Ulm,175204,515.86,//upload.wikimedia.org/wikipedia/commons/thumb/1/1e/Bavaria_NU.svg/60px-Bavaria_NU.svg.png
09185,Neuburg-Schrobenhausen,/wiki/Landkreis_Neuburg-Schrobenhausen,Neuburg an der Donau,/wiki/Neuburg_an_der_Donau,97303,739.81,//upload.wikimedia.org/wikipedia/commons/thumb/4/49/Bavaria_ND.svg/60px-Bavaria_ND.svg.png
09373,Neumarkt in der Oberpfalz,/wiki/Landkreis_Neumarkt_in_der_Oberpfalz,Neumarkt in der Oberpfalz,/wiki/Neumarkt_in_der_Oberpfalz,134573,1344.11,//upload.wikimedia.org/wikipedia/commons/thumb/e/e5/Bavaria_NM.svg/60px-Bavaria_NM.svg.png
10043,Neunkirchen,/wiki/Landkreis_Neunkirchen,Ottweiler,/wiki/Ottweiler,131408,249.24,//upload.wikimedia.org/wikipedia/commons/thumb/3/31/Saarland_NK.svg/71px-Saarland_NK.svg.png
09575,Neustadt an der Aisch-Bad Windsheim,/wiki/Landkreis_Neustadt_an_der_Aisch-Bad_Windsheim,Neustadt an der Aisch,/wiki/Neustadt_an_der_Aisch,101014,1267.56,//upload.wikimedia.org/wikipedia/commons/thumb/c/c1/Bavaria_NEA.svg/60px-Bavaria_NEA.svg.png
09374,Neustadt an der Waldnaab,/wiki/Landkreis_Neustadt_an_der_Waldnaab,Neustadt an der Waldnaab,/wiki/Neustadt_an_der_Waldnaab,94450,1427.67,//upload.wikimedia.org/wikipedia/commons/thumb/4/4e/Bavaria_NEW.svg/60px-Bavaria_NEW.svg.png
07138,Neuwied,/wiki/Landkreis_Neuwied,Neuwied,/wiki/Neuwied,182811,626.9,//upload.wikimedia.org/wikipedia/commons/thumb/c/c9/Rhineland-Palatinate_NR.svg/56px-Rhineland-Palatinate_NR.svg.png
03256,Nienburg/Weser,/wiki/Landkreis_Nienburg/Weser,Nienburg/Weser,/wiki/Nienburg/Weser,121390,1398.97,//upload.wikimedia.org/wikipedia/commons/thumb/1/14/Lower_Saxony_NI.svg/71px-Lower_Saxony_NI.svg.png
01054,Nordfriesland,/wiki/Kreis_Nordfriesland,Husum,/wiki/Husum,165951,2082.96,//upload.wikimedia.org/wikipedia/commons/thumb/a/a6/Schleswig-Holstein_NF.svg/75px-Schleswig-Holstein_NF.svg.png
16062,Nordhausen,/wiki/Landkreis_Nordhausen,Nordhausen,/wiki/Nordhausen,83416,713.9,//upload.wikimedia.org/wikipedia/commons/thumb/8/8a/Thuringia_NDH.svg/77px-Thuringia_NDH.svg.png
14730,Nordsachsen,/wiki/Landkreis_Nordsachsen,Torgau,/wiki/Torgau,197741,2028.56,//upload.wikimedia.org/wikipedia/commons/thumb/d/d6/Saxony_TDO.svg/75px-Saxony_TDO.svg.png
13074,Nordwestmecklenburg,/wiki/Landkreis_Nordwestmecklenburg,Wismar,/wiki/Wismar,157322,2118.51,//upload.wikimedia.org/wikipedia/commons/thumb/b/b5/Mecklenburg-Vorpommern_NWM.svg/88px-Mecklenburg-Vorpommern_NWM.svg.png
03155,Northeim,/wiki/Landkreis_Northeim,Northeim,/wiki/Northeim,132285,1267.08,//upload.wikimedia.org/wikipedia/commons/thumb/a/a4/Lower_Saxony_NOM.svg/71px-Lower_Saxony_NOM.svg.png
09574,Nürnberger Land,/wiki/Landkreis_N%C3%BCrnberger_Land,Lauf an der Pegnitz,/wiki/Lauf_an_der_Pegnitz,170792,799.57,//upload.wikimedia.org/wikipedia/commons/thumb/3/34/Bavaria_LAU.svg/60px-Bavaria_LAU.svg.png
09780,Oberallgäu,/wiki/Landkreis_Oberallg%C3%A4u,Sonthofen,/wiki/Sonthofen,156008,1528.0,//upload.wikimedia.org/wikipedia/commons/thumb/0/06/Bavaria_OA.svg/60px-Bavaria_OA.svg.png
05374,Oberbergischer Kreis,/wiki/Oberbergischer_Kreis,Gummersbach,/wiki/Gummersbach,272057,918.84,//upload.wikimedia.org/wikipedia/commons/thumb/7/79/North_rhine_w_GM.svg/60px-North_rhine_w_GM.svg.png
12065,Oberhavel,/wiki/Landkreis_Oberhavel,Oranienburg,/wiki/Oranienburg,212914,1808.18,//upload.wikimedia.org/wikipedia/commons/thumb/9/9d/Brandenburg_OHV.svg/57px-Brandenburg_OHV.svg.png
12066,Oberspreewald-Lausitz,/wiki/Landkreis_Oberspreewald-Lausitz,Senftenberg,/wiki/Senftenberg,109371,1223.08,//upload.wikimedia.org/wikipedia/commons/thumb/d/d0/Brandenburg_OSL.svg/57px-Brandenburg_OSL.svg.png
06437,Odenwaldkreis,/wiki/Odenwaldkreis,Erbach,/wiki/Erbach_(Odenwald),96703,623.98,//upload.wikimedia.org/wikipedia/commons/thumb/1/13/Hesse_ERB.svg/45px-Hesse_ERB.svg.png
12067,Oder-Spree,/wiki/Landkreis_Oder-Spree,Beeskow,/wiki/Beeskow,178803,2256.78,//upload.wikimedia.org/wikipedia/commons/thumb/b/be/Brandenburg_LOS.svg/57px-Brandenburg_LOS.svg.png
06438,Offenbach,/wiki/Landkreis_Offenbach,Dietzenbach,/wiki/Dietzenbach,355813,356.3,//upload.wikimedia.org/wikipedia/commons/thumb/2/21/Hesse_OF%28district%29.svg/45px-Hesse_OF%28district%29.svg.png
03458,Oldenburg,/wiki/Landkreis_Oldenburg,Wildeshausen,/wiki/Wildeshausen,130890,1063.16,//upload.wikimedia.org/wikipedia/commons/thumb/2/2c/Lower_Saxony_OL_%28Lkr%29.svg/71px-Lower_Saxony_OL_%28Lkr%29.svg.png
05966,Olpe,/wiki/Kreis_Olpe,Olpe,/wiki/Olpe,133955,712.14,//upload.wikimedia.org/wikipedia/commons/thumb/e/e8/North_rhine_w_OE.svg/60px-North_rhine_w_OE.svg.png
08317,Ortenaukreis,/wiki/Ortenaukreis,Offenburg,/wiki/Offenburg,430953,1860.81,//upload.wikimedia.org/wikipedia/commons/thumb/b/b3/Baden-W%C3%BCrttemberg_OG.svg/55px-Baden-W%C3%BCrttemberg_OG.svg.png
03459,Osnabrück,/wiki/Landkreis_Osnabr%C3%BCck,Osnabrück,/wiki/Osnabr%C3%BCck,358080,2121.63,//upload.wikimedia.org/wikipedia/commons/thumb/8/82/Lower_Saxony_OS_%28Lkr%29.svg/71px-Lower_Saxony_OS_%28Lkr%29.svg.png
08136,Ostalbkreis,/wiki/Ostalbkreis,Aalen,/wiki/Aalen,314025,1511.54,//upload.wikimedia.org/wikipedia/commons/thumb/9/9d/Baden-W%C3%BCrttemberg_AA.svg/55px-Baden-W%C3%BCrttemberg_AA.svg.png
09777,Ostallgäu,/wiki/Landkreis_Ostallg%C3%A4u,Marktoberdorf,/wiki/Marktoberdorf,141182,1394.91,//upload.wikimedia.org/wikipedia/commons/thumb/8/80/Bavaria_OAL.svg/60px-Bavaria_OAL.svg.png
03356,Osterholz,/wiki/Landkreis_Osterholz,Osterholz-Scharmbeck,/wiki/Osterholz-Scharmbeck,113928,650.81,//upload.wikimedia.org/wikipedia/commons/thumb/8/89/Lower_Saxony_OHZ.svg/71px-Lower_Saxony_OHZ.svg.png
01055,Ostholstein,/wiki/Kreis_Ostholstein,Eutin,/wiki/Eutin,200539,1392.55,//upload.wikimedia.org/wikipedia/commons/thumb/7/73/Schleswig-Holstein_OH.svg/75px-Schleswig-Holstein_OH.svg.png
12068,Ostprignitz-Ruppin,/wiki/Landkreis_Ostprignitz-Ruppin,Neuruppin,/wiki/Neuruppin,98861,2526.55,//upload.wikimedia.org/wikipedia/commons/thumb/d/d5/Brandenburg_OPR.svg/57px-Brandenburg_OPR.svg.png
05774,Paderborn,/wiki/Kreis_Paderborn,Paderborn,/wiki/Paderborn,307839,1246.8,//upload.wikimedia.org/wikipedia/commons/thumb/d/da/North_rhine_w_PB.svg/60px-North_rhine_w_PB.svg.png
09275,Passau,/wiki/Landkreis_Passau,Passau,/wiki/Passau,192656,1530.29,//upload.wikimedia.org/wikipedia/commons/thumb/f/f5/Bavaria_PA_%28district%29.svg/60px-Bavaria_PA_%28district%29.svg.png
03157,Peine,/wiki/Landkreis_Peine,Peine,/wiki/Peine,134801,534.97,//upload.wikimedia.org/wikipedia/commons/thumb/c/c1/Lower_Saxony_PE.svg/71px-Lower_Saxony_PE.svg.png
09186,Pfaffenhofen an der Ilm,/wiki/Landkreis_Pfaffenhofen_an_der_Ilm,Pfaffenhofen an der Ilm,/wiki/Pfaffenhofen_an_der_Ilm,128227,761.14,//upload.wikimedia.org/wikipedia/commons/thumb/a/ad/Bavaria_PAF.svg/60px-Bavaria_PAF.svg.png
01056,Pinneberg,/wiki/Kreis_Pinneberg,Pinneberg,/wiki/Pinneberg,316103,664.28,//upload.wikimedia.org/wikipedia/commons/thumb/0/09/Schleswig-Holstein_PI.svg/75px-Schleswig-Holstein_PI.svg.png
01057,Plön,/wiki/Kreis_Pl%C3%B6n,Plön,/wiki/Pl%C3%B6n,128686,1083.17,//upload.wikimedia.org/wikipedia/commons/thumb/8/8d/Schleswig-Holstein_PL%C3%96.svg/75px-Schleswig-Holstein_PL%C3%96.svg.png
12069,Potsdam-Mittelmark,/wiki/Landkreis_Potsdam-Mittelmark,Bad Belzig,/wiki/Bad_Belzig,216566,2591.61,//upload.wikimedia.org/wikipedia/commons/thumb/2/2a/Brandenburg_PM.svg/57px-Brandenburg_PM.svg.png
12070,Prignitz,/wiki/Landkreis_Prignitz,Perleberg,/wiki/Perleberg,76158,2138.61,//upload.wikimedia.org/wikipedia/commons/thumb/4/4d/Brandenburg_PR.svg/57px-Brandenburg_PR.svg.png
08216,Rastatt,/wiki/Landkreis_Rastatt,Rastatt,/wiki/Rastatt,231420,738.75,//upload.wikimedia.org/wikipedia/commons/thumb/1/18/Baden-W%C3%BCrttemberg_RA.svg/55px-Baden-W%C3%BCrttemberg_RA.svg.png
08436,Ravensburg,/wiki/Landkreis_Ravensburg,Ravensburg,/wiki/Ravensburg,285424,1632.08,//upload.wikimedia.org/wikipedia/commons/thumb/2/2f/Baden-W%C3%BCrttemberg_RV.svg/55px-Baden-W%C3%BCrttemberg_RV.svg.png
05562,Recklinghausen,/wiki/Kreis_Recklinghausen,Recklinghausen,/wiki/Recklinghausen,614137,761.31,//upload.wikimedia.org/wikipedia/commons/thumb/e/ee/North_rhine_w_RE.svg/60px-North_rhine_w_RE.svg.png
09276,Regen,/wiki/Landkreis_Regen,Regen,/wiki/Regen_(Stadt),77410,974.92,//upload.wikimedia.org/wikipedia/commons/thumb/5/5d/Bavaria_REG.svg/60px-Bavaria_REG.svg.png
09375,Regensburg,/wiki/Landkreis_Regensburg,Regensburg,/wiki/Regensburg,194070,1391.9,//upload.wikimedia.org/wikipedia/commons/thumb/3/33/Bavaria_R_%28district%29.svg/60px-Bavaria_R_%28district%29.svg.png
08119,Rems-Murr-Kreis,/wiki/Rems-Murr-Kreis,Waiblingen,/wiki/Waiblingen,427248,858.13,//upload.wikimedia.org/wikipedia/commons/thumb/0/04/Baden-W%C3%BCrttemberg_WN.svg/55px-Baden-W%C3%BCrttemberg_WN.svg.png
01058,Rendsburg-Eckernförde,/wiki/Kreis_Rendsburg-Eckernf%C3%B6rde,Rendsburg,/wiki/Rendsburg,274098,2189.17,//upload.wikimedia.org/wikipedia/commons/thumb/2/2b/Schleswig-Holstein_RD.svg/75px-Schleswig-Holstein_RD.svg.png
08415,Reutlingen,/wiki/Landkreis_Reutlingen,Reutlingen,/wiki/Reutlingen,287034,1092.74,//upload.wikimedia.org/wikipedia/commons/thumb/5/5c/Baden-W%C3%BCrttemberg_RT.svg/55px-Baden-W%C3%BCrttemberg_RT.svg.png
05362,Rhein-Erft-Kreis,/wiki/Rhein-Erft-Kreis,Bergheim,/wiki/Bergheim,470615,704.71,//upload.wikimedia.org/wikipedia/commons/thumb/f/fa/North_rhine_w_BM.svg/60px-North_rhine_w_BM.svg.png
06439,Rheingau-Taunus-Kreis,/wiki/Rheingau-Taunus-Kreis,Bad Schwalbach,/wiki/Bad_Schwalbach,187160,811.48,//upload.wikimedia.org/wikipedia/commons/thumb/0/04/Hesse_R%C3%9CD.svg/45px-Hesse_R%C3%9CD.svg.png
07140,Rhein-Hunsrück-Kreis,/wiki/Rhein-Hunsr%C3%BCck-Kreis,Simmern/Hunsrück,/wiki/Simmern/Hunsr%C3%BCck,103163,991.12,//upload.wikimedia.org/wikipedia/commons/thumb/9/90/Rhineland-Palatinate_SIM.svg/56px-Rhineland-Palatinate_SIM.svg.png
05378,Rheinisch-Bergischer Kreis,/wiki/Rheinisch-Bergischer_Kreis,Bergisch Gladbach,/wiki/Bergisch_Gladbach,283271,437.32,//upload.wikimedia.org/wikipedia/commons/thumb/d/d1/North_rhine_w_GL.svg/60px-North_rhine_w_GL.svg.png
05162,Rhein-Kreis Neuss,/wiki/Rhein-Kreis_Neuss,Neuss,/wiki/Neuss,451730,576.52,//upload.wikimedia.org/wikipedia/commons/thumb/0/00/North_rhine_w_NE.svg/60px-North_rhine_w_NE.svg.png
07141,Rhein-Lahn-Kreis,/wiki/Rhein-Lahn-Kreis,Bad Ems,/wiki/Bad_Ems,122297,782.29,//upload.wikimedia.org/wikipedia/commons/thumb/1/1e/Rhineland-Palatinate_EMS.svg/56px-Rhineland-Palatinate_EMS.svg.png
08226,Rhein-Neckar-Kreis,/wiki/Rhein-Neckar-Kreis,Heidelberg,/wiki/Heidelberg,548355,1061.7,//upload.wikimedia.org/wikipedia/commons/thumb/2/2a/Baden-W%C3%BCrttemberg_HD_%28district%29.svg/55px-Baden-W%C3%BCrttemberg_HD_%28district%29.svg.png
07338,Rhein-Pfalz-Kreis,/wiki/Rhein-Pfalz-Kreis,Ludwigshafen am Rhein,/wiki/Ludwigshafen_am_Rhein,154609,304.92,//upload.wikimedia.org/wikipedia/commons/thumb/a/ab/Rhineland-Palatinate_RP.svg/56px-Rhineland-Palatinate_RP.svg.png
05382,Rhein-Sieg-Kreis,/wiki/Rhein-Sieg-Kreis,Siegburg,/wiki/Siegburg,600764,1153.21,//upload.wikimedia.org/wikipedia/commons/thumb/b/b0/North_rhine_w_SU.svg/60px-North_rhine_w_SU.svg.png
09673,Rhön-Grabfeld,/wiki/Landkreis_Rh%C3%B6n-Grabfeld,Bad Neustadt an der Saale,/wiki/Bad_Neustadt_an_der_Saale,79635,1021.77,//upload.wikimedia.org/wikipedia/commons/thumb/3/33/Bavaria_NES.svg/60px-Bavaria_NES.svg.png
09187,Rosenheim,/wiki/Landkreis_Rosenheim,Rosenheim,/wiki/Rosenheim,261330,1439.54,//upload.wikimedia.org/wikipedia/commons/thumb/c/c1/Bavaria_RO_%28district%29.svg/60px-Bavaria_RO_%28district%29.svg.png
13072,Rostock,/wiki/Landkreis_Rostock,Güstrow,/wiki/G%C3%BCstrow,215794,3422.51,//upload.wikimedia.org/wikipedia/commons/thumb/f/f6/Mecklenburg-Vorpommern_LRO_2011.svg/88px-Mecklenburg-Vorpommern_LRO_2011.svg.png
03357,Rotenburg (Wümme),/wiki/Landkreis_Rotenburg_(W%C3%BCmme),Rotenburg (Wümme),/wiki/Rotenburg_(W%C3%BCmme),163782,2070.45,//upload.wikimedia.org/wikipedia/commons/thumb/3/30/Lower_Saxony_ROW.svg/71px-Lower_Saxony_ROW.svg.png
09576,Roth,/wiki/Landkreis_Roth,Roth,/wiki/Roth,126749,895.39,//upload.wikimedia.org/wikipedia/commons/thumb/d/d8/Bavaria_RH.svg/60px-Bavaria_RH.svg.png
09277,Rottal-Inn,/wiki/Landkreis_Rottal-Inn,Pfarrkirchen,/wiki/Pfarrkirchen,121502,1281.42,//upload.wikimedia.org/wikipedia/commons/thumb/2/22/Bavaria_PAN.svg/60px-Bavaria_PAN.svg.png
08325,Rottweil,/wiki/Landkreis_Rottweil,Rottweil,/wiki/Rottweil,139878,769.4,//upload.wikimedia.org/wikipedia/commons/thumb/d/d2/Baden-W%C3%BCrttemberg_RW.svg/55px-Baden-W%C3%BCrttemberg_RW.svg.png
16074,Saale-Holzland-Kreis,/wiki/Saale-Holzland-Kreis,Eisenberg,/wiki/Eisenberg_(Th%C3%BCringen),82950,815.24,//upload.wikimedia.org/wikipedia/commons/thumb/c/c8/Thuringia_SHK.svg/77px-Thuringia_SHK.svg.png
15088,Saalekreis,/wiki/Saalekreis,Merseburg,/wiki/Merseburg,183815,1433.67,//upload.wikimedia.org/wikipedia/commons/thumb/b/b7/Saxony-Anhalt_SK.svg/45px-Saxony-Anhalt_SK.svg.png
16075,Saale-Orla-Kreis,/wiki/Saale-Orla-Kreis,Schleiz,/wiki/Schleiz,80312,1151.3,//upload.wikimedia.org/wikipedia/commons/thumb/a/a3/Thuringia_SOK.svg/77px-Thuringia_SOK.svg.png
16073,Saalfeld-Rudolstadt,/wiki/Landkreis_Saalfeld-Rudolstadt,Saalfeld/Saale,/wiki/Saalfeld/Saale,103199,1008.79,//upload.wikimedia.org/wikipedia/commons/thumb/2/28/Thuringia_SLF.svg/77px-Thuringia_SLF.svg.png
10041,"Saarbrücken, Regionalverband",/wiki/Regionalverband_Saarbr%C3%BCcken,Saarbrücken,/wiki/Saarbr%C3%BCcken,328714,410.64,//upload.wikimedia.org/wikipedia/commons/thumb/c/c5/Saarland_SB.svg/71px-Saarland_SB.svg.png
10044,Saarlouis,/wiki/Landkreis_Saarlouis,Saarlouis,/wiki/Saarlouis,194319,459.05,//upload.wikimedia.org/wikipedia/commons/thumb/9/9b/Saarland_SLS.svg/71px-Saarland_SLS.svg.png
10045,Saarpfalz-Kreis,/wiki/Saarpfalz-Kreis,Homburg,/wiki/Homburg,142196,418.4,//upload.wikimedia.org/wikipedia/commons/thumb/2/21/Saarland_HOM.svg/71px-Saarland_HOM.svg.png
14628,Sächsische Schweiz-Osterzgebirge,/wiki/Landkreis_S%C3%A4chsische_Schweiz-Osterzgebirge,Pirna,/wiki/Pirna,245586,1654.19,//upload.wikimedia.org/wikipedia/commons/thumb/7/72/Saxony_PIR.svg/75px-Saxony_PIR.svg.png
15089,Salzlandkreis,/wiki/Salzlandkreis,Bernburg (Saale),/wiki/Bernburg_(Saale),189125,1426.76,//upload.wikimedia.org/wikipedia/commons/thumb/6/6b/Saxony-Anhalt_SLK.svg/45px-Saxony-Anhalt_SLK.svg.png
03257,Schaumburg,/wiki/Landkreis_Schaumburg,Stadthagen,/wiki/Stadthagen,157820,675.57,//upload.wikimedia.org/wikipedia/commons/thumb/c/c6/Lower_Saxony_SHG.svg/71px-Lower_Saxony_SHG.svg.png
01059,Schleswig-Flensburg,/wiki/Kreis_Schleswig-Flensburg,Schleswig,/wiki/Schleswig,201156,2071.14,//upload.wikimedia.org/wikipedia/commons/thumb/d/dc/Schleswig-Holstein_SL.svg/75px-Schleswig-Holstein_SL.svg.png
16066,Schmalkalden-Meiningen,/wiki/Landkreis_Schmalkalden-Meiningen,Meiningen,/wiki/Meiningen,124916,1251.21,//upload.wikimedia.org/wikipedia/commons/thumb/0/04/Thuringia_SM.svg/77px-Thuringia_SM.svg.png
06634,Schwalm-Eder-Kreis,/wiki/Schwalm-Eder-Kreis,Homberg (Efze),/wiki/Homberg_(Efze),179673,1538.51,//upload.wikimedia.org/wikipedia/commons/thumb/5/58/Hesse_HR.svg/45px-Hesse_HR.svg.png
09376,Schwandorf,/wiki/Landkreis_Schwandorf,Schwandorf,/wiki/Schwandorf,147872,1464.97,//upload.wikimedia.org/wikipedia/commons/thumb/a/ae/Bavaria_SAD.svg/60px-Bavaria_SAD.svg.png
08326,Schwarzwald-Baar-Kreis,/wiki/Schwarzwald-Baar-Kreis,Villingen-Schwenningen,/wiki/Villingen-Schwenningen,212506,1025.27,//upload.wikimedia.org/wikipedia/commons/thumb/7/7e/Baden-W%C3%BCrttemberg_VS.svg/55px-Baden-W%C3%BCrttemberg_VS.svg.png
08127,Schwäbisch Hall,/wiki/Landkreis_Schw%C3%A4bisch_Hall,Schwäbisch Hall,/wiki/Schw%C3%A4bisch_Hall,196761,1483.97,//upload.wikimedia.org/wikipedia/commons/thumb/0/0c/Baden-W%C3%BCrttemberg_SHA.svg/55px-Baden-W%C3%BCrttemberg_SHA.svg.png
09678,Schweinfurt,/wiki/Landkreis_Schweinfurt,Schweinfurt,/wiki/Schweinfurt,115445,841.46,//upload.wikimedia.org/wikipedia/commons/thumb/8/80/Bavaria_SW_%28district%29.svg/60px-Bavaria_SW_%28district%29.svg.png
01060,Segeberg,/wiki/Kreis_Segeberg,Bad Segeberg,/wiki/Bad_Segeberg,277175,1344.39,//upload.wikimedia.org/wikipedia/commons/thumb/2/29/Schleswig-Holstein_SE.svg/75px-Schleswig-Holstein_SE.svg.png
05970,Siegen-Wittgenstein,/wiki/Kreis_Siegen-Wittgenstein,Siegen,/wiki/Siegen,276944,1132.89,//upload.wikimedia.org/wikipedia/commons/thumb/1/1a/North_rhine_w_SI.svg/60px-North_rhine_w_SI.svg.png
08437,Sigmaringen,/wiki/Landkreis_Sigmaringen,Sigmaringen,/wiki/Sigmaringen,130849,1204.0,//upload.wikimedia.org/wikipedia/commons/thumb/e/ea/Baden-W%C3%BCrttemberg_SIG.svg/55px-Baden-W%C3%BCrttemberg_SIG.svg.png
05974,Soest,/wiki/Kreis_Soest,Soest,/wiki/Soest,301785,1328.63,//upload.wikimedia.org/wikipedia/commons/thumb/2/20/North_rhine_w_SO.svg/60px-North_rhine_w_SO.svg.png
16068,Sömmerda,/wiki/Landkreis_S%C3%B6mmerda,Sömmerda,/wiki/S%C3%B6mmerda,69427,806.85,//upload.wikimedia.org/wikipedia/commons/thumb/6/64/Thuringia_S%C3%96M.svg/77px-Thuringia_S%C3%96M.svg.png
16072,Sonneberg,/wiki/Landkreis_Sonneberg,Sonneberg,/wiki/Sonneberg,57717,460.85,//upload.wikimedia.org/wikipedia/commons/thumb/e/ed/Thuringia_SON.svg/77px-Thuringia_SON.svg.png
12071,Spree-Neiße,/wiki/Landkreis_Spree-Nei%C3%9Fe,Forst (Lausitz),/wiki/Forst_(Lausitz),113720,1657.45,//upload.wikimedia.org/wikipedia/commons/thumb/6/6f/Brandenburg_SPN.svg/57px-Brandenburg_SPN.svg.png
10046,St. Wendel,/wiki/Landkreis_St._Wendel,St. Wendel,/wiki/St._Wendel,87007,476.22,//upload.wikimedia.org/wikipedia/commons/thumb/3/35/Saarland_WND.svg/71px-Saarland_WND.svg.png
03359,Stade,/wiki/Landkreis_Stade,Stade,/wiki/Stade,204512,1266.02,//upload.wikimedia.org/wikipedia/commons/thumb/8/8b/Lower_Saxony_STD.svg/71px-Lower_Saxony_STD.svg.png
09188,Starnberg,/wiki/Landkreis_Starnberg,Starnberg,/wiki/Starnberg,136667,487.71,//upload.wikimedia.org/wikipedia/commons/thumb/4/4f/Bavaria_STA.svg/60px-Bavaria_STA.svg.png
01061,Steinburg,/wiki/Kreis_Steinburg,Itzehoe,/wiki/Itzehoe,131013,1056.13,//upload.wikimedia.org/wikipedia/commons/thumb/9/9e/Schleswig-Holstein_IZ.svg/75px-Schleswig-Holstein_IZ.svg.png
05566,Steinfurt,/wiki/Kreis_Steinfurt,Steinfurt,/wiki/Steinfurt,448220,1795.76,//upload.wikimedia.org/wikipedia/commons/thumb/4/4d/North_rhine_w_ST.svg/60px-North_rhine_w_ST.svg.png
15090,Stendal,/wiki/Landkreis_Stendal,Stendal,/wiki/Stendal,111190,2423.16,//upload.wikimedia.org/wikipedia/commons/thumb/3/3a/Saxony-Anhalt_SDL.svg/45px-Saxony-Anhalt_SDL.svg.png
01062,Stormarn,/wiki/Kreis_Stormarn,Bad Oldesloe,/wiki/Bad_Oldesloe,244156,766.33,//upload.wikimedia.org/wikipedia/commons/thumb/1/16/Schleswig-Holstein_OD.svg/75px-Schleswig-Holstein_OD.svg.png
09278,Straubing-Bogen,/wiki/Landkreis_Straubing-Bogen,Straubing,/wiki/Straubing,101120,1201.94,//upload.wikimedia.org/wikipedia/commons/thumb/d/dd/Bavaria_SR_%28district%29.svg/60px-Bavaria_SR_%28district%29.svg.png
07337,Südliche Weinstraße,/wiki/Landkreis_S%C3%BCdliche_Weinstra%C3%9Fe,Landau in der Pfalz,/wiki/Landau_in_der_Pfalz,110521,639.83,//upload.wikimedia.org/wikipedia/commons/thumb/4/4f/Rhineland-Palatinate_S%C3%9CW.svg/56px-Rhineland-Palatinate_S%C3%9CW.svg.png
07340,Südwestpfalz,/wiki/Landkreis_S%C3%BCdwestpfalz,Pirmasens,/wiki/Pirmasens,94831,953.65,//upload.wikimedia.org/wikipedia/commons/thumb/7/79/Rhineland-Palatinate_PS_%28rural%29.svg/56px-Rhineland-Palatinate_PS_%28rural%29.svg.png
12072,Teltow-Fläming,/wiki/Landkreis_Teltow-Fl%C3%A4ming,Luckenwalde,/wiki/Luckenwalde,169997,2104.19,//upload.wikimedia.org/wikipedia/commons/thumb/9/97/Brandenburg_TF.svg/57px-Brandenburg_TF.svg.png
09377,Tirschenreuth,/wiki/Landkreis_Tirschenreuth,Tirschenreuth,/wiki/Tirschenreuth,72046,1084.23,//upload.wikimedia.org/wikipedia/commons/thumb/5/5e/Bavaria_TIR.svg/60px-Bavaria_TIR.svg.png
09189,Traunstein,/wiki/Landkreis_Traunstein,Traunstein,/wiki/Traunstein,177319,1534.0,//upload.wikimedia.org/wikipedia/commons/thumb/a/ac/Bavaria_TS.svg/60px-Bavaria_TS.svg.png
07235,Trier-Saarburg,/wiki/Landkreis_Trier-Saarburg,Trier,/wiki/Trier,149398,1101.49,//upload.wikimedia.org/wikipedia/commons/thumb/1/17/Rhineland-Palatinate_TR_%28rural%29.svg/56px-Rhineland-Palatinate_TR_%28rural%29.svg.png
08416,Tübingen,/wiki/Landkreis_T%C3%BCbingen,Tübingen,/wiki/T%C3%BCbingen,228678,519.2,//upload.wikimedia.org/wikipedia/commons/thumb/5/50/Baden-W%C3%BCrttemberg_T%C3%9C.svg/55px-Baden-W%C3%BCrttemberg_T%C3%9C.svg.png
08327,Tuttlingen,/wiki/Landkreis_Tuttlingen,Tuttlingen,/wiki/Tuttlingen,140766,734.35,//upload.wikimedia.org/wikipedia/commons/thumb/6/6d/Baden-W%C3%BCrttemberg_TUT.svg/55px-Baden-W%C3%BCrttemberg_TUT.svg.png
12073,Uckermark,/wiki/Landkreis_Uckermark,Prenzlau,/wiki/Prenzlau,118947,3076.93,//upload.wikimedia.org/wikipedia/commons/thumb/0/00/Brandenburg_UM.svg/57px-Brandenburg_UM.svg.png
03360,Uelzen,/wiki/Landkreis_Uelzen,Uelzen,/wiki/Uelzen,92389,1454.22,//upload.wikimedia.org/wikipedia/commons/thumb/3/35/Lower_Saxony_UE.svg/71px-Lower_Saxony_UE.svg.png
05978,Unna,/wiki/Kreis_Unna,Unna,/wiki/Unna,394891,543.21,//upload.wikimedia.org/wikipedia/commons/thumb/9/9b/North_rhine_w_UN.svg/60px-North_rhine_w_UN.svg.png
16064,Unstrut-Hainich-Kreis,/wiki/Unstrut-Hainich-Kreis,Mühlhausen/Thüringen,/wiki/M%C3%BChlhausen/Th%C3%BCringen,102232,979.68,//upload.wikimedia.org/wikipedia/commons/thumb/2/2c/Thuringia_UH.svg/77px-Thuringia_UH.svg.png
09778,Unterallgäu,/wiki/Landkreis_Unterallg%C3%A4u,Mindelheim,/wiki/Mindelheim,145341,1230.06,//upload.wikimedia.org/wikipedia/commons/thumb/0/0c/Bavaria_MN.svg/60px-Bavaria_MN.svg.png
03460,Vechta,/wiki/Landkreis_Vechta,Vechta,/wiki/Vechta,142814,812.63,//upload.wikimedia.org/wikipedia/commons/thumb/c/c9/Lower_Saxony_VEC.svg/71px-Lower_Saxony_VEC.svg.png
03361,Verden,/wiki/Landkreis_Verden,Verden (Aller),/wiki/Verden_(Aller),137133,787.97,//upload.wikimedia.org/wikipedia/commons/thumb/3/38/Lower_Saxony_VER.svg/71px-Lower_Saxony_VER.svg.png
05166,Viersen,/wiki/Kreis_Viersen,Viersen,/wiki/Viersen,298863,563.28,//upload.wikimedia.org/wikipedia/commons/thumb/c/c7/North_rhine_w_VIE.svg/60px-North_rhine_w_VIE.svg.png
06535,Vogelsbergkreis,/wiki/Vogelsbergkreis,Lauterbach (Hessen),/wiki/Lauterbach_(Hessen),105643,1458.99,//upload.wikimedia.org/wikipedia/commons/thumb/c/c9/Hesse_VB.svg/45px-Hesse_VB.svg.png
14523,Vogtlandkreis,/wiki/Vogtlandkreis,Plauen,/wiki/Plauen,225997,1412.42,//upload.wikimedia.org/wikipedia/commons/thumb/1/1a/Saxony_V.svg/75px-Saxony_V.svg.png
13075,Vorpommern-Greifswald,/wiki/Landkreis_Vorpommern-Greifswald,Greifswald,/wiki/Greifswald,235623,3929.73,//upload.wikimedia.org/wikipedia/commons/thumb/a/ae/Mecklenburg-Vorpommern_VG_2011.svg/88px-Mecklenburg-Vorpommern_VG_2011.svg.png
13073,Vorpommern-Rügen,/wiki/Landkreis_Vorpommern-R%C3%BCgen,Stralsund,/wiki/Stralsund,224702,3207.37,//upload.wikimedia.org/wikipedia/commons/thumb/9/98/Mecklenburg-Vorpommern_VR_2011.svg/88px-Mecklenburg-Vorpommern_VR_2011.svg.png
07233,Vulkaneifel,/wiki/Landkreis_Vulkaneifel,Daun,/wiki/Daun,60646,911.02,//upload.wikimedia.org/wikipedia/commons/thumb/6/66/Rhineland-Palatinate_DAU.svg/56px-Rhineland-Palatinate_DAU.svg.png
06635,Waldeck-Frankenberg,/wiki/Landkreis_Waldeck-Frankenberg,Korbach,/wiki/Korbach,156406,1848.44,//upload.wikimedia.org/wikipedia/commons/thumb/2/2d/Hesse_KB.svg/45px-Hesse_KB.svg.png
08337,Waldshut,/wiki/Landkreis_Waldshut,Waldshut-Tiengen,/wiki/Waldshut-Tiengen,171003,1131.15,//upload.wikimedia.org/wikipedia/commons/thumb/4/4c/Baden-W%C3%BCrttemberg_WT.svg/55px-Baden-W%C3%BCrttemberg_WT.svg.png
05570,Warendorf,/wiki/Kreis_Warendorf,Warendorf,/wiki/Warendorf,277840,1319.41,//upload.wikimedia.org/wikipedia/commons/thumb/f/ff/North_rhine_w_WAF.svg/60px-North_rhine_w_WAF.svg.png
16063,Wartburgkreis,/wiki/Wartburgkreis,Bad Salzungen,/wiki/Bad_Salzungen,118974,1266.96,//upload.wikimedia.org/wikipedia/commons/thumb/9/90/Thuringia_WAK.svg/77px-Thuringia_WAK.svg.png
09190,Weilheim-Schongau,/wiki/Landkreis_Weilheim-Schongau,Weilheim in Oberbayern,/wiki/Weilheim_in_Oberbayern,135478,966.37,//upload.wikimedia.org/wikipedia/commons/thumb/0/06/Bavaria_WM.svg/60px-Bavaria_WM.svg.png
16071,Weimarer Land,/wiki/Landkreis_Weimarer_Land,Apolda,/wiki/Apolda,82156,804.48,//upload.wikimedia.org/wikipedia/commons/thumb/b/bd/Thuringia_AP.svg/77px-Thuringia_AP.svg.png
09577,Weißenburg-Gunzenhausen,/wiki/Landkreis_Wei%C3%9Fenburg-Gunzenhausen,Weißenburg in Bayern,/wiki/Wei%C3%9Fenburg_in_Bayern,94734,970.91,//upload.wikimedia.org/wikipedia/commons/thumb/d/dc/Bavaria_WUG.svg/60px-Bavaria_WUG.svg.png
06636,Werra-Meißner-Kreis,/wiki/Werra-Mei%C3%9Fner-Kreis,Eschwege,/wiki/Eschwege,100629,1024.7,//upload.wikimedia.org/wikipedia/commons/thumb/7/71/Hesse_ESW.svg/45px-Hesse_ESW.svg.png
05170,Wesel,/wiki/Kreis_Wesel,Wesel,/wiki/Wesel,459976,1042.8,//upload.wikimedia.org/wikipedia/commons/thumb/d/d7/North_rhine_w_WES.svg/60px-North_rhine_w_WES.svg.png
03461,Wesermarsch,/wiki/Landkreis_Wesermarsch,Brake (Unterweser),/wiki/Brake_(Unterweser),88583,822.01,//upload.wikimedia.org/wikipedia/commons/thumb/3/32/Lower_Saxony_BRA.svg/71px-Lower_Saxony_BRA.svg.png
07143,Westerwaldkreis,/wiki/Westerwaldkreis,Montabaur,/wiki/Montabaur,201904,988.95,//upload.wikimedia.org/wikipedia/commons/thumb/9/90/Rhineland-Palatinate_WW.svg/56px-Rhineland-Palatinate_WW.svg.png
06440,Wetteraukreis,/wiki/Wetteraukreis,Friedberg (Hessen),/wiki/Friedberg_(Hessen),308339,1100.69,//upload.wikimedia.org/wikipedia/commons/thumb/b/bd/Hesse_FB.svg/45px-Hesse_FB.svg.png
15091,Wittenberg,/wiki/Landkreis_Wittenberg,Lutherstadt Wittenberg,/wiki/Lutherstadt_Wittenberg,124953,1930.31,//upload.wikimedia.org/wikipedia/commons/thumb/0/0a/Saxony-Anhalt_WB.svg/45px-Saxony-Anhalt_WB.svg.png
03462,Wittmund,/wiki/Landkreis_Wittmund,Wittmund,/wiki/Wittmund,56926,656.64,//upload.wikimedia.org/wikipedia/commons/thumb/7/70/Lower_Saxony_WTM.svg/71px-Lower_Saxony_WTM.svg.png
03158,Wolfenbüttel,/wiki/Landkreis_Wolfenb%C3%BCttel,Wolfenbüttel,/wiki/Wolfenb%C3%BCttel,119622,722.56,//upload.wikimedia.org/wikipedia/commons/thumb/5/55/Lower_Saxony_WF.svg/71px-Lower_Saxony_WF.svg.png
09479,Wunsiedel im Fichtelgebirge,/wiki/Landkreis_Wunsiedel_im_Fichtelgebirge,Wunsiedel,/wiki/Wunsiedel,72655,606.43,//upload.wikimedia.org/wikipedia/commons/thumb/7/75/Bavaria_WUN.svg/60px-Bavaria_WUN.svg.png
09679,Würzburg,/wiki/Landkreis_W%C3%BCrzburg,Würzburg,/wiki/W%C3%BCrzburg,162302,968.4,//upload.wikimedia.org/wikipedia/commons/thumb/3/3f/Bavaria_W%C3%9C_%28district%29.svg/60px-Bavaria_W%C3%9C_%28district%29.svg.png
08417,Zollernalbkreis,/wiki/Zollernalbkreis,Balingen,/wiki/Balingen,189363,917.72,//upload.wikimedia.org/wikipedia/commons/thumb/1/17/Baden-W%C3%BCrttemberg_BL.svg/55px-Baden-W%C3%BCrttemberg_BL.svg.png
14524,Zwickau,/wiki/Landkreis_Zwickau,Zwickau,/wiki/Zwickau,315002,949.78,//upload.wikimedia.org/wikipedia/commons/thumb/4/4c/Saxony_Z.svg/75px-Saxony_Z.svg.png
